{
  "controller/Homepage.controller.js": 1760621239197,
  "controller/App.controller.js": 1759348038330,
  "i18n/i18n.properties": 1759389603316,
  "controller/BaseController.js": 1759348038330,
  "model/models.js": 1759348038330,
  "manifest.json": 1759348038330,
  "Component.js": 1759348038330,
  "Component-dbg.js": 1759348038330,
  "Component.js.map": 1760621264847,
  "controller/Homepage-dbg.controller.js": 1760621239197,
  "controller/Homepage.controller.js.map": 1760621264863,
  "controller/BaseController-dbg.js": 1759348038330,
  "controller/BaseController.js.map": 1760621264856,
  "model/models-dbg.js": 1759348038330,
  "model/models.js.map": 1760621264848,
  "controller/App-dbg.controller.js": 1759348038330,
  "controller/App.controller.js.map": 1760621264848,
  "Component-preload.js": 1760621265002,
  "Component-preload.js.map": 1760621265002,
  "view/Homepage.view.xml": 1759389829530,
  "view/App.view.xml": 1759348038330,
  "css/style.css": 1759348038330,
  "index.html": 1759348038330
}