{
  "controller/Homepage.controller.js.map": 1758525794463,
  "manifest.json": 1758519621736,
  "controller/Homepage.controller.js": 1758525125749,
  "controller/BaseController.js": 1758519856870,
  "controller/App.controller.js": 1758519621740,
  "model/models.js": 1758519621740,
  "Component.js": 1758519621732,
  "controller/Homepage-dbg.controller.js": 1758525125749,
  "i18n/i18n.properties": 1758522483115,
  "controller/BaseController-dbg.js": 1758519856870,
  "controller/BaseController.js.map": 1758525794457,
  "controller/App-dbg.controller.js": 1758519621740,
  "controller/App.controller.js.map": 1758525794457,
  "model/models-dbg.js": 1758519621740,
  "model/models.js.map": 1758525794462,
  "Component-dbg.js": 1758519621732,
  "Component.js.map": 1758525794460,
  "Component-preload.js": 1758525794559,
  "Component-preload.js.map": 1758525794559,
  "view/Homepage.view.xml": 1758525768190,
  "view/App.view.xml": 1758519621744,
  "css/style.css": 1758519621740,
  "index.html": 1758522821750
}