{
  "welcomeFile": "/index.html",
  "authenticationMethod": "route",
  "routes": [
    {
      "source": "^/resources/(.*)$",
      "target": "/resources/$1",
      "authenticationType": "none",
      "destination": "ui5"
    },
    {
      "source": "^/api-monitor/(.*)$",
      "target": "/api-monitor/$1",
      "authenticationType": "xsuaa",
      "destination": "api-monitor-api"
    },
    {
      "source": "^/getUserInformation",
      "target": "/getUserInformation",
      "destination": "api-monitor-api"
    },
    {
      "source": "^/test-resources/(.*)$",
      "target": "/test-resources/$1",
      "authenticationType": "none",
      "destination": "ui5"
    },
    {
      "source": "^(.*)$",
      "target": "$1",
      "service": "html5-apps-repo-rt",
      "authenticationType": "xsuaa"
    }
  ]
}
